﻿<?xml version="1.0" encoding="utf-8"?><meta xmlns:xsi="http://www.w3.org/2001/XMLSchema-instance" xmlns:xsd="http://www.w3.org/2001/XMLSchema"><project id="5zmuD8CiPTk" courseid="5jVUmeetoU7_course_id" thumburl="story_content/thumbnail.jpg" title="Implicit Bias Training Module.1.incomplete2" datepublished="2021-05-29T22:07:20" version="1.0.0.0" flashdata="story_content/data.swf" html5data="mobile/data.json" mobiledata="mobile/data.gz" enabledownload="false" duration="About 11 minutes" totalaudio="448375" totalvideo="0"><description>Incomplete</description><keywords /><slidemeta moniker="slide" monikerplural="slides" viewslides="33" slidecountdescription="33 slides" /><author name="JMcComas" email="" website="" /><application name="Articulate Storyline" version="3.52.25156.0" xmlversion="4.0" /></project></meta>